[
    {
       "nombre": "Equipo 1",
       "PJ": 25,
       "PG": 18,
       "PP":3,
       "PE":4 
     },
     {
        "nombre": "Equipo 2",
        "PJ": 25,
        "PG": 19,
        "PP":1,
        "PE":5  
      }
     ,
     {
        "nombre": "Equipo 3",
        "PJ": 24,
        "PG": 22,
        "PP":1,
        "PE":1  
      },
      {
        "nombre": "Equipo 4",
        "PJ": 25,
        "PG": 17,
        "PP":3,
        "PE":5   
      },
      {
        "nombre": "Equipo 5",
        "PJ": 24,
        "PG": 15,
        "PP":8,
        "PE":1
      },
      {
        "nombre": "Equipo 6",
        "PJ": 25,
        "PG": 10,
        "PP":12,
        "PE":3 
      }
     
    
   ]
   